mode	category	task_name	policy_name	score
pvp	combat	curriculum/Task_CountEvent_(event:PLAYER_KILL_N:20)_reward_to:agent	baseline_10M	0.090335
pvp	combat	curriculum/Task_CountEvent_(event:PLAYER_KILL_N:20)_reward_to:agent	learner	0.039319
pvp	combat	curriculum/Task_CountEvent_(event:PLAYER_KILL_N:20)_reward_to:agent	takeru_100M	0.198185
pvp	combat	curriculum/Task_CountEvent_(event:PLAYER_KILL_N:20)_reward_to:agent	takeru_200M	0.253876
pvp	combat	curriculum/Task_CountEvent_(event:PLAYER_KILL_N:20)_reward_to:agent	takeru_25M	0.135621
pvp	combat	curriculum/Task_CountEvent_(event:PLAYER_KILL_N:20)_reward_to:agent	takeru_50M	0.156545
pvp	combat	curriculum/Task_CountEvent_(event:PLAYER_KILL_N:20)_reward_to:agent	yaofeng_100M	0.350515
pvp	combat	curriculum/Task_CountEvent_(event:PLAYER_KILL_N:20)_reward_to:agent	yaofeng_200M	0.397104
pvp	combat	curriculum/Task_CountEvent_(event:PLAYER_KILL_N:20)_reward_to:agent	yaofeng_25M	0.224953
pvp	combat	curriculum/Task_CountEvent_(event:PLAYER_KILL_N:20)_reward_to:agent	yaofeng_50M	0.268342
pvp	combat	curriculum/Task_DefeatEntity_(agent_type:npc_level:1_num_agent:20)_reward_to:agent	baseline_10M	0.077815
pvp	combat	curriculum/Task_DefeatEntity_(agent_type:npc_level:1_num_agent:20)_reward_to:agent	learner	0.027925
pvp	combat	curriculum/Task_DefeatEntity_(agent_type:npc_level:1_num_agent:20)_reward_to:agent	takeru_100M	0.187941
pvp	combat	curriculum/Task_DefeatEntity_(agent_type:npc_level:1_num_agent:20)_reward_to:agent	takeru_200M	0.232053
pvp	combat	curriculum/Task_DefeatEntity_(agent_type:npc_level:1_num_agent:20)_reward_to:agent	takeru_25M	0.151995
pvp	combat	curriculum/Task_DefeatEntity_(agent_type:npc_level:1_num_agent:20)_reward_to:agent	takeru_50M	0.143059
pvp	combat	curriculum/Task_DefeatEntity_(agent_type:npc_level:1_num_agent:20)_reward_to:agent	yaofeng_100M	0.303939
pvp	combat	curriculum/Task_DefeatEntity_(agent_type:npc_level:1_num_agent:20)_reward_to:agent	yaofeng_200M	0.374888
pvp	combat	curriculum/Task_DefeatEntity_(agent_type:npc_level:1_num_agent:20)_reward_to:agent	yaofeng_25M	0.233739
pvp	combat	curriculum/Task_DefeatEntity_(agent_type:npc_level:1_num_agent:20)_reward_to:agent	yaofeng_50M	0.270040
pvp	combat	curriculum/Task_DefeatEntity_(agent_type:npc_level:3_num_agent:20)_reward_to:agent	baseline_10M	0.012818
pvp	combat	curriculum/Task_DefeatEntity_(agent_type:npc_level:3_num_agent:20)_reward_to:agent	learner	0.000000
pvp	combat	curriculum/Task_DefeatEntity_(agent_type:npc_level:3_num_agent:20)_reward_to:agent	takeru_100M	0.038476
pvp	combat	curriculum/Task_DefeatEntity_(agent_type:npc_level:3_num_agent:20)_reward_to:agent	takeru_200M	0.051284
pvp	combat	curriculum/Task_DefeatEntity_(agent_type:npc_level:3_num_agent:20)_reward_to:agent	takeru_25M	0.021412
pvp	combat	curriculum/Task_DefeatEntity_(agent_type:npc_level:3_num_agent:20)_reward_to:agent	takeru_50M	0.026293
pvp	combat	curriculum/Task_DefeatEntity_(agent_type:npc_level:3_num_agent:20)_reward_to:agent	yaofeng_100M	0.094750
pvp	combat	curriculum/Task_DefeatEntity_(agent_type:npc_level:3_num_agent:20)_reward_to:agent	yaofeng_200M	0.123052
pvp	combat	curriculum/Task_DefeatEntity_(agent_type:npc_level:3_num_agent:20)_reward_to:agent	yaofeng_25M	0.046936
pvp	combat	curriculum/Task_DefeatEntity_(agent_type:npc_level:3_num_agent:20)_reward_to:agent	yaofeng_50M	0.075286
pvp	exploration	curriculum/Task_CountEvent_(event:GO_FARTHEST_N:64)_reward_to:agent	baseline_10M	0.208683
pvp	exploration	curriculum/Task_CountEvent_(event:GO_FARTHEST_N:64)_reward_to:agent	learner	0.036756
pvp	exploration	curriculum/Task_CountEvent_(event:GO_FARTHEST_N:64)_reward_to:agent	takeru_100M	0.196579
pvp	exploration	curriculum/Task_CountEvent_(event:GO_FARTHEST_N:64)_reward_to:agent	takeru_200M	0.242037
pvp	exploration	curriculum/Task_CountEvent_(event:GO_FARTHEST_N:64)_reward_to:agent	takeru_25M	0.164801
pvp	exploration	curriculum/Task_CountEvent_(event:GO_FARTHEST_N:64)_reward_to:agent	takeru_50M	0.199496
pvp	exploration	curriculum/Task_CountEvent_(event:GO_FARTHEST_N:64)_reward_to:agent	yaofeng_100M	0.281980
pvp	exploration	curriculum/Task_CountEvent_(event:GO_FARTHEST_N:64)_reward_to:agent	yaofeng_200M	0.326019
pvp	exploration	curriculum/Task_CountEvent_(event:GO_FARTHEST_N:64)_reward_to:agent	yaofeng_25M	0.234008
pvp	exploration	curriculum/Task_CountEvent_(event:GO_FARTHEST_N:64)_reward_to:agent	yaofeng_50M	0.255384
pvp	exploration	curriculum/Task_OccupyTile_(row:80_col:80)_reward_to:agent	baseline_10M	0.000000
pvp	exploration	curriculum/Task_OccupyTile_(row:80_col:80)_reward_to:agent	learner	0.000000
pvp	exploration	curriculum/Task_OccupyTile_(row:80_col:80)_reward_to:agent	takeru_100M	0.000000
pvp	exploration	curriculum/Task_OccupyTile_(row:80_col:80)_reward_to:agent	takeru_200M	0.000000
pvp	exploration	curriculum/Task_OccupyTile_(row:80_col:80)_reward_to:agent	takeru_25M	0.000000
pvp	exploration	curriculum/Task_OccupyTile_(row:80_col:80)_reward_to:agent	takeru_50M	0.000000
pvp	exploration	curriculum/Task_OccupyTile_(row:80_col:80)_reward_to:agent	yaofeng_100M	0.000000
pvp	exploration	curriculum/Task_OccupyTile_(row:80_col:80)_reward_to:agent	yaofeng_200M	0.000000
pvp	exploration	curriculum/Task_OccupyTile_(row:80_col:80)_reward_to:agent	yaofeng_25M	0.000000
pvp	exploration	curriculum/Task_OccupyTile_(row:80_col:80)_reward_to:agent	yaofeng_50M	0.000000
pvp	item	curriculum/Task_ConsumeItem_(item:Potion_level:1_quantity:20)_reward_to:agent	baseline_10M	0.034079
pvp	item	curriculum/Task_ConsumeItem_(item:Potion_level:1_quantity:20)_reward_to:agent	learner	0.000385
pvp	item	curriculum/Task_ConsumeItem_(item:Potion_level:1_quantity:20)_reward_to:agent	takeru_100M	0.109408
pvp	item	curriculum/Task_ConsumeItem_(item:Potion_level:1_quantity:20)_reward_to:agent	takeru_200M	0.126529
pvp	item	curriculum/Task_ConsumeItem_(item:Potion_level:1_quantity:20)_reward_to:agent	takeru_25M	0.078404
pvp	item	curriculum/Task_ConsumeItem_(item:Potion_level:1_quantity:20)_reward_to:agent	takeru_50M	0.067757
pvp	item	curriculum/Task_ConsumeItem_(item:Potion_level:1_quantity:20)_reward_to:agent	yaofeng_100M	0.174368
pvp	item	curriculum/Task_ConsumeItem_(item:Potion_level:1_quantity:20)_reward_to:agent	yaofeng_200M	0.192922
pvp	item	curriculum/Task_ConsumeItem_(item:Potion_level:1_quantity:20)_reward_to:agent	yaofeng_25M	0.069302
pvp	item	curriculum/Task_ConsumeItem_(item:Potion_level:1_quantity:20)_reward_to:agent	yaofeng_50M	0.094425
pvp	item	curriculum/Task_ConsumeItem_(item:Potion_level:3_quantity:20)_reward_to:agent	baseline_10M	0.000000
pvp	item	curriculum/Task_ConsumeItem_(item:Potion_level:3_quantity:20)_reward_to:agent	learner	0.000000
pvp	item	curriculum/Task_ConsumeItem_(item:Potion_level:3_quantity:20)_reward_to:agent	takeru_100M	0.001165
pvp	item	curriculum/Task_ConsumeItem_(item:Potion_level:3_quantity:20)_reward_to:agent	takeru_200M	0.003877
pvp	item	curriculum/Task_ConsumeItem_(item:Potion_level:3_quantity:20)_reward_to:agent	takeru_25M	0.001036
pvp	item	curriculum/Task_ConsumeItem_(item:Potion_level:3_quantity:20)_reward_to:agent	takeru_50M	0.001354
pvp	item	curriculum/Task_ConsumeItem_(item:Potion_level:3_quantity:20)_reward_to:agent	yaofeng_100M	0.005337
pvp	item	curriculum/Task_ConsumeItem_(item:Potion_level:3_quantity:20)_reward_to:agent	yaofeng_200M	0.011174
pvp	item	curriculum/Task_ConsumeItem_(item:Potion_level:3_quantity:20)_reward_to:agent	yaofeng_25M	0.002684
pvp	item	curriculum/Task_ConsumeItem_(item:Potion_level:3_quantity:20)_reward_to:agent	yaofeng_50M	0.003761
pvp	item	curriculum/Task_ConsumeItem_(item:Ration_level:1_quantity:20)_reward_to:agent	baseline_10M	0.058507
pvp	item	curriculum/Task_ConsumeItem_(item:Ration_level:1_quantity:20)_reward_to:agent	learner	0.001566
pvp	item	curriculum/Task_ConsumeItem_(item:Ration_level:1_quantity:20)_reward_to:agent	takeru_100M	0.148112
pvp	item	curriculum/Task_ConsumeItem_(item:Ration_level:1_quantity:20)_reward_to:agent	takeru_200M	0.149837
pvp	item	curriculum/Task_ConsumeItem_(item:Ration_level:1_quantity:20)_reward_to:agent	takeru_25M	0.103590
pvp	item	curriculum/Task_ConsumeItem_(item:Ration_level:1_quantity:20)_reward_to:agent	takeru_50M	0.093888
pvp	item	curriculum/Task_ConsumeItem_(item:Ration_level:1_quantity:20)_reward_to:agent	yaofeng_100M	0.238115
pvp	item	curriculum/Task_ConsumeItem_(item:Ration_level:1_quantity:20)_reward_to:agent	yaofeng_200M	0.241584
pvp	item	curriculum/Task_ConsumeItem_(item:Ration_level:1_quantity:20)_reward_to:agent	yaofeng_25M	0.071282
pvp	item	curriculum/Task_ConsumeItem_(item:Ration_level:1_quantity:20)_reward_to:agent	yaofeng_50M	0.177466
pvp	item	curriculum/Task_ConsumeItem_(item:Ration_level:3_quantity:20)_reward_to:agent	baseline_10M	0.000303
pvp	item	curriculum/Task_ConsumeItem_(item:Ration_level:3_quantity:20)_reward_to:agent	learner	0.000000
pvp	item	curriculum/Task_ConsumeItem_(item:Ration_level:3_quantity:20)_reward_to:agent	takeru_100M	0.003024
pvp	item	curriculum/Task_ConsumeItem_(item:Ration_level:3_quantity:20)_reward_to:agent	takeru_200M	0.005433
pvp	item	curriculum/Task_ConsumeItem_(item:Ration_level:3_quantity:20)_reward_to:agent	takeru_25M	0.000685
pvp	item	curriculum/Task_ConsumeItem_(item:Ration_level:3_quantity:20)_reward_to:agent	takeru_50M	0.001839
pvp	item	curriculum/Task_ConsumeItem_(item:Ration_level:3_quantity:20)_reward_to:agent	yaofeng_100M	0.015429
pvp	item	curriculum/Task_ConsumeItem_(item:Ration_level:3_quantity:20)_reward_to:agent	yaofeng_200M	0.017470
pvp	item	curriculum/Task_ConsumeItem_(item:Ration_level:3_quantity:20)_reward_to:agent	yaofeng_25M	0.003032
pvp	item	curriculum/Task_ConsumeItem_(item:Ration_level:3_quantity:20)_reward_to:agent	yaofeng_50M	0.007124
pvp	item	curriculum/Task_EquipItem_(item:Arrow_level:1_num_agent:1)_reward_to:agent	baseline_10M	0.256673
pvp	item	curriculum/Task_EquipItem_(item:Arrow_level:1_num_agent:1)_reward_to:agent	learner	0.043182
pvp	item	curriculum/Task_EquipItem_(item:Arrow_level:1_num_agent:1)_reward_to:agent	takeru_100M	0.393658
pvp	item	curriculum/Task_EquipItem_(item:Arrow_level:1_num_agent:1)_reward_to:agent	takeru_200M	0.431453
pvp	item	curriculum/Task_EquipItem_(item:Arrow_level:1_num_agent:1)_reward_to:agent	takeru_25M	0.324923
pvp	item	curriculum/Task_EquipItem_(item:Arrow_level:1_num_agent:1)_reward_to:agent	takeru_50M	0.246398
pvp	item	curriculum/Task_EquipItem_(item:Arrow_level:1_num_agent:1)_reward_to:agent	yaofeng_100M	0.532951
pvp	item	curriculum/Task_EquipItem_(item:Arrow_level:1_num_agent:1)_reward_to:agent	yaofeng_200M	0.595691
pvp	item	curriculum/Task_EquipItem_(item:Arrow_level:1_num_agent:1)_reward_to:agent	yaofeng_25M	0.171169
pvp	item	curriculum/Task_EquipItem_(item:Arrow_level:1_num_agent:1)_reward_to:agent	yaofeng_50M	0.385145
pvp	item	curriculum/Task_EquipItem_(item:Arrow_level:3_num_agent:1)_reward_to:agent	baseline_10M	0.004000
pvp	item	curriculum/Task_EquipItem_(item:Arrow_level:3_num_agent:1)_reward_to:agent	learner	0.000000
pvp	item	curriculum/Task_EquipItem_(item:Arrow_level:3_num_agent:1)_reward_to:agent	takeru_100M	0.016501
pvp	item	curriculum/Task_EquipItem_(item:Arrow_level:3_num_agent:1)_reward_to:agent	takeru_200M	0.028403
pvp	item	curriculum/Task_EquipItem_(item:Arrow_level:3_num_agent:1)_reward_to:agent	takeru_25M	0.006422
pvp	item	curriculum/Task_EquipItem_(item:Arrow_level:3_num_agent:1)_reward_to:agent	takeru_50M	0.003997
pvp	item	curriculum/Task_EquipItem_(item:Arrow_level:3_num_agent:1)_reward_to:agent	yaofeng_100M	0.030291
pvp	item	curriculum/Task_EquipItem_(item:Arrow_level:3_num_agent:1)_reward_to:agent	yaofeng_200M	0.055294
pvp	item	curriculum/Task_EquipItem_(item:Arrow_level:3_num_agent:1)_reward_to:agent	yaofeng_25M	0.004778
pvp	item	curriculum/Task_EquipItem_(item:Arrow_level:3_num_agent:1)_reward_to:agent	yaofeng_50M	0.021117
pvp	item	curriculum/Task_EquipItem_(item:Axe_level:1_num_agent:1)_reward_to:agent	baseline_10M	0.115606
pvp	item	curriculum/Task_EquipItem_(item:Axe_level:1_num_agent:1)_reward_to:agent	learner	0.040952
pvp	item	curriculum/Task_EquipItem_(item:Axe_level:1_num_agent:1)_reward_to:agent	takeru_100M	0.311341
pvp	item	curriculum/Task_EquipItem_(item:Axe_level:1_num_agent:1)_reward_to:agent	takeru_200M	0.303891
pvp	item	curriculum/Task_EquipItem_(item:Axe_level:1_num_agent:1)_reward_to:agent	takeru_25M	0.208315
pvp	item	curriculum/Task_EquipItem_(item:Axe_level:1_num_agent:1)_reward_to:agent	takeru_50M	0.218308
pvp	item	curriculum/Task_EquipItem_(item:Axe_level:1_num_agent:1)_reward_to:agent	yaofeng_100M	0.416771
pvp	item	curriculum/Task_EquipItem_(item:Axe_level:1_num_agent:1)_reward_to:agent	yaofeng_200M	0.505653
pvp	item	curriculum/Task_EquipItem_(item:Axe_level:1_num_agent:1)_reward_to:agent	yaofeng_25M	0.345324
pvp	item	curriculum/Task_EquipItem_(item:Axe_level:1_num_agent:1)_reward_to:agent	yaofeng_50M	0.368488
pvp	item	curriculum/Task_EquipItem_(item:Axe_level:3_num_agent:1)_reward_to:agent	baseline_10M	0.002083
pvp	item	curriculum/Task_EquipItem_(item:Axe_level:3_num_agent:1)_reward_to:agent	learner	0.000000
pvp	item	curriculum/Task_EquipItem_(item:Axe_level:3_num_agent:1)_reward_to:agent	takeru_100M	0.005846
pvp	item	curriculum/Task_EquipItem_(item:Axe_level:3_num_agent:1)_reward_to:agent	takeru_200M	0.021971
pvp	item	curriculum/Task_EquipItem_(item:Axe_level:3_num_agent:1)_reward_to:agent	takeru_25M	0.011612
pvp	item	curriculum/Task_EquipItem_(item:Axe_level:3_num_agent:1)_reward_to:agent	takeru_50M	0.006604
pvp	item	curriculum/Task_EquipItem_(item:Axe_level:3_num_agent:1)_reward_to:agent	yaofeng_100M	0.050809
pvp	item	curriculum/Task_EquipItem_(item:Axe_level:3_num_agent:1)_reward_to:agent	yaofeng_200M	0.046995
pvp	item	curriculum/Task_EquipItem_(item:Axe_level:3_num_agent:1)_reward_to:agent	yaofeng_25M	0.030589
pvp	item	curriculum/Task_EquipItem_(item:Axe_level:3_num_agent:1)_reward_to:agent	yaofeng_50M	0.019993
pvp	item	curriculum/Task_EquipItem_(item:Bottom_level:1_num_agent:1)_reward_to:agent	baseline_10M	0.198482
pvp	item	curriculum/Task_EquipItem_(item:Bottom_level:1_num_agent:1)_reward_to:agent	learner	0.096786
pvp	item	curriculum/Task_EquipItem_(item:Bottom_level:1_num_agent:1)_reward_to:agent	takeru_100M	0.406001
pvp	item	curriculum/Task_EquipItem_(item:Bottom_level:1_num_agent:1)_reward_to:agent	takeru_200M	0.441390
pvp	item	curriculum/Task_EquipItem_(item:Bottom_level:1_num_agent:1)_reward_to:agent	takeru_25M	0.329934
pvp	item	curriculum/Task_EquipItem_(item:Bottom_level:1_num_agent:1)_reward_to:agent	takeru_50M	0.328281
pvp	item	curriculum/Task_EquipItem_(item:Bottom_level:1_num_agent:1)_reward_to:agent	yaofeng_100M	0.591517
pvp	item	curriculum/Task_EquipItem_(item:Bottom_level:1_num_agent:1)_reward_to:agent	yaofeng_200M	0.710325
pvp	item	curriculum/Task_EquipItem_(item:Bottom_level:1_num_agent:1)_reward_to:agent	yaofeng_25M	0.449231
pvp	item	curriculum/Task_EquipItem_(item:Bottom_level:1_num_agent:1)_reward_to:agent	yaofeng_50M	0.511623
pvp	item	curriculum/Task_EquipItem_(item:Bottom_level:3_num_agent:1)_reward_to:agent	baseline_10M	0.030335
pvp	item	curriculum/Task_EquipItem_(item:Bottom_level:3_num_agent:1)_reward_to:agent	learner	0.000000
pvp	item	curriculum/Task_EquipItem_(item:Bottom_level:3_num_agent:1)_reward_to:agent	takeru_100M	0.127956
pvp	item	curriculum/Task_EquipItem_(item:Bottom_level:3_num_agent:1)_reward_to:agent	takeru_200M	0.155041
pvp	item	curriculum/Task_EquipItem_(item:Bottom_level:3_num_agent:1)_reward_to:agent	takeru_25M	0.058034
pvp	item	curriculum/Task_EquipItem_(item:Bottom_level:3_num_agent:1)_reward_to:agent	takeru_50M	0.048077
pvp	item	curriculum/Task_EquipItem_(item:Bottom_level:3_num_agent:1)_reward_to:agent	yaofeng_100M	0.298476
pvp	item	curriculum/Task_EquipItem_(item:Bottom_level:3_num_agent:1)_reward_to:agent	yaofeng_200M	0.368116
pvp	item	curriculum/Task_EquipItem_(item:Bottom_level:3_num_agent:1)_reward_to:agent	yaofeng_25M	0.148136
pvp	item	curriculum/Task_EquipItem_(item:Bottom_level:3_num_agent:1)_reward_to:agent	yaofeng_50M	0.247950
pvp	item	curriculum/Task_EquipItem_(item:Bow_level:1_num_agent:1)_reward_to:agent	baseline_10M	0.031666
pvp	item	curriculum/Task_EquipItem_(item:Bow_level:1_num_agent:1)_reward_to:agent	learner	0.000000
pvp	item	curriculum/Task_EquipItem_(item:Bow_level:1_num_agent:1)_reward_to:agent	takeru_100M	0.039270
pvp	item	curriculum/Task_EquipItem_(item:Bow_level:1_num_agent:1)_reward_to:agent	takeru_200M	0.096060
pvp	item	curriculum/Task_EquipItem_(item:Bow_level:1_num_agent:1)_reward_to:agent	takeru_25M	0.017404
pvp	item	curriculum/Task_EquipItem_(item:Bow_level:1_num_agent:1)_reward_to:agent	takeru_50M	0.037222
pvp	item	curriculum/Task_EquipItem_(item:Bow_level:1_num_agent:1)_reward_to:agent	yaofeng_100M	0.070724
pvp	item	curriculum/Task_EquipItem_(item:Bow_level:1_num_agent:1)_reward_to:agent	yaofeng_200M	0.129599
pvp	item	curriculum/Task_EquipItem_(item:Bow_level:1_num_agent:1)_reward_to:agent	yaofeng_25M	0.011537
pvp	item	curriculum/Task_EquipItem_(item:Bow_level:1_num_agent:1)_reward_to:agent	yaofeng_50M	0.059913
pvp	item	curriculum/Task_EquipItem_(item:Bow_level:3_num_agent:1)_reward_to:agent	baseline_10M	0.000000
pvp	item	curriculum/Task_EquipItem_(item:Bow_level:3_num_agent:1)_reward_to:agent	learner	0.000000
pvp	item	curriculum/Task_EquipItem_(item:Bow_level:3_num_agent:1)_reward_to:agent	takeru_100M	0.000000
pvp	item	curriculum/Task_EquipItem_(item:Bow_level:3_num_agent:1)_reward_to:agent	takeru_200M	0.000000
pvp	item	curriculum/Task_EquipItem_(item:Bow_level:3_num_agent:1)_reward_to:agent	takeru_25M	0.000000
pvp	item	curriculum/Task_EquipItem_(item:Bow_level:3_num_agent:1)_reward_to:agent	takeru_50M	0.000000
pvp	item	curriculum/Task_EquipItem_(item:Bow_level:3_num_agent:1)_reward_to:agent	yaofeng_100M	0.006088
pvp	item	curriculum/Task_EquipItem_(item:Bow_level:3_num_agent:1)_reward_to:agent	yaofeng_200M	0.002326
pvp	item	curriculum/Task_EquipItem_(item:Bow_level:3_num_agent:1)_reward_to:agent	yaofeng_25M	0.000000
pvp	item	curriculum/Task_EquipItem_(item:Bow_level:3_num_agent:1)_reward_to:agent	yaofeng_50M	0.003125
pvp	item	curriculum/Task_EquipItem_(item:Chisel_level:1_num_agent:1)_reward_to:agent	baseline_10M	0.089763
pvp	item	curriculum/Task_EquipItem_(item:Chisel_level:1_num_agent:1)_reward_to:agent	learner	0.026786
pvp	item	curriculum/Task_EquipItem_(item:Chisel_level:1_num_agent:1)_reward_to:agent	takeru_100M	0.267998
pvp	item	curriculum/Task_EquipItem_(item:Chisel_level:1_num_agent:1)_reward_to:agent	takeru_200M	0.342574
pvp	item	curriculum/Task_EquipItem_(item:Chisel_level:1_num_agent:1)_reward_to:agent	takeru_25M	0.239056
pvp	item	curriculum/Task_EquipItem_(item:Chisel_level:1_num_agent:1)_reward_to:agent	takeru_50M	0.218336
pvp	item	curriculum/Task_EquipItem_(item:Chisel_level:1_num_agent:1)_reward_to:agent	yaofeng_100M	0.428223
pvp	item	curriculum/Task_EquipItem_(item:Chisel_level:1_num_agent:1)_reward_to:agent	yaofeng_200M	0.534101
pvp	item	curriculum/Task_EquipItem_(item:Chisel_level:1_num_agent:1)_reward_to:agent	yaofeng_25M	0.347199
pvp	item	curriculum/Task_EquipItem_(item:Chisel_level:1_num_agent:1)_reward_to:agent	yaofeng_50M	0.334874
pvp	item	curriculum/Task_EquipItem_(item:Chisel_level:3_num_agent:1)_reward_to:agent	baseline_10M	0.000000
pvp	item	curriculum/Task_EquipItem_(item:Chisel_level:3_num_agent:1)_reward_to:agent	learner	0.000000
pvp	item	curriculum/Task_EquipItem_(item:Chisel_level:3_num_agent:1)_reward_to:agent	takeru_100M	0.009733
pvp	item	curriculum/Task_EquipItem_(item:Chisel_level:3_num_agent:1)_reward_to:agent	takeru_200M	0.035904
pvp	item	curriculum/Task_EquipItem_(item:Chisel_level:3_num_agent:1)_reward_to:agent	takeru_25M	0.004145
pvp	item	curriculum/Task_EquipItem_(item:Chisel_level:3_num_agent:1)_reward_to:agent	takeru_50M	0.002703
pvp	item	curriculum/Task_EquipItem_(item:Chisel_level:3_num_agent:1)_reward_to:agent	yaofeng_100M	0.032050
pvp	item	curriculum/Task_EquipItem_(item:Chisel_level:3_num_agent:1)_reward_to:agent	yaofeng_200M	0.074107
pvp	item	curriculum/Task_EquipItem_(item:Chisel_level:3_num_agent:1)_reward_to:agent	yaofeng_25M	0.012296
pvp	item	curriculum/Task_EquipItem_(item:Chisel_level:3_num_agent:1)_reward_to:agent	yaofeng_50M	0.030211
pvp	item	curriculum/Task_EquipItem_(item:Gloves_level:1_num_agent:1)_reward_to:agent	baseline_10M	0.118369
pvp	item	curriculum/Task_EquipItem_(item:Gloves_level:1_num_agent:1)_reward_to:agent	learner	0.068333
pvp	item	curriculum/Task_EquipItem_(item:Gloves_level:1_num_agent:1)_reward_to:agent	takeru_100M	0.292602
pvp	item	curriculum/Task_EquipItem_(item:Gloves_level:1_num_agent:1)_reward_to:agent	takeru_200M	0.330688
pvp	item	curriculum/Task_EquipItem_(item:Gloves_level:1_num_agent:1)_reward_to:agent	takeru_25M	0.263492
pvp	item	curriculum/Task_EquipItem_(item:Gloves_level:1_num_agent:1)_reward_to:agent	takeru_50M	0.288552
pvp	item	curriculum/Task_EquipItem_(item:Gloves_level:1_num_agent:1)_reward_to:agent	yaofeng_100M	0.484909
pvp	item	curriculum/Task_EquipItem_(item:Gloves_level:1_num_agent:1)_reward_to:agent	yaofeng_200M	0.559836
pvp	item	curriculum/Task_EquipItem_(item:Gloves_level:1_num_agent:1)_reward_to:agent	yaofeng_25M	0.363578
pvp	item	curriculum/Task_EquipItem_(item:Gloves_level:1_num_agent:1)_reward_to:agent	yaofeng_50M	0.382442
pvp	item	curriculum/Task_EquipItem_(item:Gloves_level:3_num_agent:1)_reward_to:agent	baseline_10M	0.000000
pvp	item	curriculum/Task_EquipItem_(item:Gloves_level:3_num_agent:1)_reward_to:agent	learner	0.000000
pvp	item	curriculum/Task_EquipItem_(item:Gloves_level:3_num_agent:1)_reward_to:agent	takeru_100M	0.022357
pvp	item	curriculum/Task_EquipItem_(item:Gloves_level:3_num_agent:1)_reward_to:agent	takeru_200M	0.030338
pvp	item	curriculum/Task_EquipItem_(item:Gloves_level:3_num_agent:1)_reward_to:agent	takeru_25M	0.004878
pvp	item	curriculum/Task_EquipItem_(item:Gloves_level:3_num_agent:1)_reward_to:agent	takeru_50M	0.002381
pvp	item	curriculum/Task_EquipItem_(item:Gloves_level:3_num_agent:1)_reward_to:agent	yaofeng_100M	0.082778
pvp	item	curriculum/Task_EquipItem_(item:Gloves_level:3_num_agent:1)_reward_to:agent	yaofeng_200M	0.071075
pvp	item	curriculum/Task_EquipItem_(item:Gloves_level:3_num_agent:1)_reward_to:agent	yaofeng_25M	0.048652
pvp	item	curriculum/Task_EquipItem_(item:Gloves_level:3_num_agent:1)_reward_to:agent	yaofeng_50M	0.041597
pvp	item	curriculum/Task_EquipItem_(item:Hat_level:1_num_agent:1)_reward_to:agent	baseline_10M	0.118416
pvp	item	curriculum/Task_EquipItem_(item:Hat_level:1_num_agent:1)_reward_to:agent	learner	0.057864
pvp	item	curriculum/Task_EquipItem_(item:Hat_level:1_num_agent:1)_reward_to:agent	takeru_100M	0.410810
pvp	item	curriculum/Task_EquipItem_(item:Hat_level:1_num_agent:1)_reward_to:agent	takeru_200M	0.491230
pvp	item	curriculum/Task_EquipItem_(item:Hat_level:1_num_agent:1)_reward_to:agent	takeru_25M	0.364348
pvp	item	curriculum/Task_EquipItem_(item:Hat_level:1_num_agent:1)_reward_to:agent	takeru_50M	0.331684
pvp	item	curriculum/Task_EquipItem_(item:Hat_level:1_num_agent:1)_reward_to:agent	yaofeng_100M	0.621711
pvp	item	curriculum/Task_EquipItem_(item:Hat_level:1_num_agent:1)_reward_to:agent	yaofeng_200M	0.731243
pvp	item	curriculum/Task_EquipItem_(item:Hat_level:1_num_agent:1)_reward_to:agent	yaofeng_25M	0.420320
pvp	item	curriculum/Task_EquipItem_(item:Hat_level:1_num_agent:1)_reward_to:agent	yaofeng_50M	0.525709
pvp	item	curriculum/Task_EquipItem_(item:Hat_level:3_num_agent:1)_reward_to:agent	baseline_10M	0.023724
pvp	item	curriculum/Task_EquipItem_(item:Hat_level:3_num_agent:1)_reward_to:agent	learner	0.000000
pvp	item	curriculum/Task_EquipItem_(item:Hat_level:3_num_agent:1)_reward_to:agent	takeru_100M	0.090965
pvp	item	curriculum/Task_EquipItem_(item:Hat_level:3_num_agent:1)_reward_to:agent	takeru_200M	0.136711
pvp	item	curriculum/Task_EquipItem_(item:Hat_level:3_num_agent:1)_reward_to:agent	takeru_25M	0.043151
pvp	item	curriculum/Task_EquipItem_(item:Hat_level:3_num_agent:1)_reward_to:agent	takeru_50M	0.074268
pvp	item	curriculum/Task_EquipItem_(item:Hat_level:3_num_agent:1)_reward_to:agent	yaofeng_100M	0.301271
pvp	item	curriculum/Task_EquipItem_(item:Hat_level:3_num_agent:1)_reward_to:agent	yaofeng_200M	0.455966
pvp	item	curriculum/Task_EquipItem_(item:Hat_level:3_num_agent:1)_reward_to:agent	yaofeng_25M	0.150862
pvp	item	curriculum/Task_EquipItem_(item:Hat_level:3_num_agent:1)_reward_to:agent	yaofeng_50M	0.196167
pvp	item	curriculum/Task_EquipItem_(item:Pickaxe_level:1_num_agent:1)_reward_to:agent	baseline_10M	0.106899
pvp	item	curriculum/Task_EquipItem_(item:Pickaxe_level:1_num_agent:1)_reward_to:agent	learner	0.033333
pvp	item	curriculum/Task_EquipItem_(item:Pickaxe_level:1_num_agent:1)_reward_to:agent	takeru_100M	0.264707
pvp	item	curriculum/Task_EquipItem_(item:Pickaxe_level:1_num_agent:1)_reward_to:agent	takeru_200M	0.326801
pvp	item	curriculum/Task_EquipItem_(item:Pickaxe_level:1_num_agent:1)_reward_to:agent	takeru_25M	0.260818
pvp	item	curriculum/Task_EquipItem_(item:Pickaxe_level:1_num_agent:1)_reward_to:agent	takeru_50M	0.246710
pvp	item	curriculum/Task_EquipItem_(item:Pickaxe_level:1_num_agent:1)_reward_to:agent	yaofeng_100M	0.401318
pvp	item	curriculum/Task_EquipItem_(item:Pickaxe_level:1_num_agent:1)_reward_to:agent	yaofeng_200M	0.560018
pvp	item	curriculum/Task_EquipItem_(item:Pickaxe_level:1_num_agent:1)_reward_to:agent	yaofeng_25M	0.344109
pvp	item	curriculum/Task_EquipItem_(item:Pickaxe_level:1_num_agent:1)_reward_to:agent	yaofeng_50M	0.327637
pvp	item	curriculum/Task_EquipItem_(item:Pickaxe_level:3_num_agent:1)_reward_to:agent	baseline_10M	0.000000
pvp	item	curriculum/Task_EquipItem_(item:Pickaxe_level:3_num_agent:1)_reward_to:agent	learner	0.000000
pvp	item	curriculum/Task_EquipItem_(item:Pickaxe_level:3_num_agent:1)_reward_to:agent	takeru_100M	0.004234
pvp	item	curriculum/Task_EquipItem_(item:Pickaxe_level:3_num_agent:1)_reward_to:agent	takeru_200M	0.032577
pvp	item	curriculum/Task_EquipItem_(item:Pickaxe_level:3_num_agent:1)_reward_to:agent	takeru_25M	0.002222
pvp	item	curriculum/Task_EquipItem_(item:Pickaxe_level:3_num_agent:1)_reward_to:agent	takeru_50M	0.003992
pvp	item	curriculum/Task_EquipItem_(item:Pickaxe_level:3_num_agent:1)_reward_to:agent	yaofeng_100M	0.054801
pvp	item	curriculum/Task_EquipItem_(item:Pickaxe_level:3_num_agent:1)_reward_to:agent	yaofeng_200M	0.073793
pvp	item	curriculum/Task_EquipItem_(item:Pickaxe_level:3_num_agent:1)_reward_to:agent	yaofeng_25M	0.022172
pvp	item	curriculum/Task_EquipItem_(item:Pickaxe_level:3_num_agent:1)_reward_to:agent	yaofeng_50M	0.017003
pvp	item	curriculum/Task_EquipItem_(item:Rod_level:1_num_agent:1)_reward_to:agent	baseline_10M	0.109165
pvp	item	curriculum/Task_EquipItem_(item:Rod_level:1_num_agent:1)_reward_to:agent	learner	0.023611
pvp	item	curriculum/Task_EquipItem_(item:Rod_level:1_num_agent:1)_reward_to:agent	takeru_100M	0.348070
pvp	item	curriculum/Task_EquipItem_(item:Rod_level:1_num_agent:1)_reward_to:agent	takeru_200M	0.360811
pvp	item	curriculum/Task_EquipItem_(item:Rod_level:1_num_agent:1)_reward_to:agent	takeru_25M	0.216937
pvp	item	curriculum/Task_EquipItem_(item:Rod_level:1_num_agent:1)_reward_to:agent	takeru_50M	0.249029
pvp	item	curriculum/Task_EquipItem_(item:Rod_level:1_num_agent:1)_reward_to:agent	yaofeng_100M	0.465676
pvp	item	curriculum/Task_EquipItem_(item:Rod_level:1_num_agent:1)_reward_to:agent	yaofeng_200M	0.542325
pvp	item	curriculum/Task_EquipItem_(item:Rod_level:1_num_agent:1)_reward_to:agent	yaofeng_25M	0.387014
pvp	item	curriculum/Task_EquipItem_(item:Rod_level:1_num_agent:1)_reward_to:agent	yaofeng_50M	0.354678
pvp	item	curriculum/Task_EquipItem_(item:Rod_level:3_num_agent:1)_reward_to:agent	baseline_10M	0.003887
pvp	item	curriculum/Task_EquipItem_(item:Rod_level:3_num_agent:1)_reward_to:agent	learner	0.000000
pvp	item	curriculum/Task_EquipItem_(item:Rod_level:3_num_agent:1)_reward_to:agent	takeru_100M	0.011401
pvp	item	curriculum/Task_EquipItem_(item:Rod_level:3_num_agent:1)_reward_to:agent	takeru_200M	0.016986
pvp	item	curriculum/Task_EquipItem_(item:Rod_level:3_num_agent:1)_reward_to:agent	takeru_25M	0.009166
pvp	item	curriculum/Task_EquipItem_(item:Rod_level:3_num_agent:1)_reward_to:agent	takeru_50M	0.006550
pvp	item	curriculum/Task_EquipItem_(item:Rod_level:3_num_agent:1)_reward_to:agent	yaofeng_100M	0.080698
pvp	item	curriculum/Task_EquipItem_(item:Rod_level:3_num_agent:1)_reward_to:agent	yaofeng_200M	0.104273
pvp	item	curriculum/Task_EquipItem_(item:Rod_level:3_num_agent:1)_reward_to:agent	yaofeng_25M	0.028792
pvp	item	curriculum/Task_EquipItem_(item:Rod_level:3_num_agent:1)_reward_to:agent	yaofeng_50M	0.031636
pvp	item	curriculum/Task_EquipItem_(item:Runes_level:1_num_agent:1)_reward_to:agent	baseline_10M	0.238456
pvp	item	curriculum/Task_EquipItem_(item:Runes_level:1_num_agent:1)_reward_to:agent	learner	0.020000
pvp	item	curriculum/Task_EquipItem_(item:Runes_level:1_num_agent:1)_reward_to:agent	takeru_100M	0.352092
pvp	item	curriculum/Task_EquipItem_(item:Runes_level:1_num_agent:1)_reward_to:agent	takeru_200M	0.466160
pvp	item	curriculum/Task_EquipItem_(item:Runes_level:1_num_agent:1)_reward_to:agent	takeru_25M	0.285893
pvp	item	curriculum/Task_EquipItem_(item:Runes_level:1_num_agent:1)_reward_to:agent	takeru_50M	0.313934
pvp	item	curriculum/Task_EquipItem_(item:Runes_level:1_num_agent:1)_reward_to:agent	yaofeng_100M	0.550161
pvp	item	curriculum/Task_EquipItem_(item:Runes_level:1_num_agent:1)_reward_to:agent	yaofeng_200M	0.575200
pvp	item	curriculum/Task_EquipItem_(item:Runes_level:1_num_agent:1)_reward_to:agent	yaofeng_25M	0.275949
pvp	item	curriculum/Task_EquipItem_(item:Runes_level:1_num_agent:1)_reward_to:agent	yaofeng_50M	0.373104
pvp	item	curriculum/Task_EquipItem_(item:Runes_level:3_num_agent:1)_reward_to:agent	baseline_10M	0.000000
pvp	item	curriculum/Task_EquipItem_(item:Runes_level:3_num_agent:1)_reward_to:agent	learner	0.000000
pvp	item	curriculum/Task_EquipItem_(item:Runes_level:3_num_agent:1)_reward_to:agent	takeru_100M	0.020208
pvp	item	curriculum/Task_EquipItem_(item:Runes_level:3_num_agent:1)_reward_to:agent	takeru_200M	0.020299
pvp	item	curriculum/Task_EquipItem_(item:Runes_level:3_num_agent:1)_reward_to:agent	takeru_25M	0.009066
pvp	item	curriculum/Task_EquipItem_(item:Runes_level:3_num_agent:1)_reward_to:agent	takeru_50M	0.005163
pvp	item	curriculum/Task_EquipItem_(item:Runes_level:3_num_agent:1)_reward_to:agent	yaofeng_100M	0.049716
pvp	item	curriculum/Task_EquipItem_(item:Runes_level:3_num_agent:1)_reward_to:agent	yaofeng_200M	0.089686
pvp	item	curriculum/Task_EquipItem_(item:Runes_level:3_num_agent:1)_reward_to:agent	yaofeng_25M	0.005396
pvp	item	curriculum/Task_EquipItem_(item:Runes_level:3_num_agent:1)_reward_to:agent	yaofeng_50M	0.039583
pvp	item	curriculum/Task_EquipItem_(item:Spear_level:1_num_agent:1)_reward_to:agent	baseline_10M	0.018628
pvp	item	curriculum/Task_EquipItem_(item:Spear_level:1_num_agent:1)_reward_to:agent	learner	0.000000
pvp	item	curriculum/Task_EquipItem_(item:Spear_level:1_num_agent:1)_reward_to:agent	takeru_100M	0.090358
pvp	item	curriculum/Task_EquipItem_(item:Spear_level:1_num_agent:1)_reward_to:agent	takeru_200M	0.090117
pvp	item	curriculum/Task_EquipItem_(item:Spear_level:1_num_agent:1)_reward_to:agent	takeru_25M	0.070859
pvp	item	curriculum/Task_EquipItem_(item:Spear_level:1_num_agent:1)_reward_to:agent	takeru_50M	0.067630
pvp	item	curriculum/Task_EquipItem_(item:Spear_level:1_num_agent:1)_reward_to:agent	yaofeng_100M	0.054785
pvp	item	curriculum/Task_EquipItem_(item:Spear_level:1_num_agent:1)_reward_to:agent	yaofeng_200M	0.089774
pvp	item	curriculum/Task_EquipItem_(item:Spear_level:1_num_agent:1)_reward_to:agent	yaofeng_25M	0.028130
pvp	item	curriculum/Task_EquipItem_(item:Spear_level:1_num_agent:1)_reward_to:agent	yaofeng_50M	0.075262
pvp	item	curriculum/Task_EquipItem_(item:Spear_level:3_num_agent:1)_reward_to:agent	baseline_10M	0.000000
pvp	item	curriculum/Task_EquipItem_(item:Spear_level:3_num_agent:1)_reward_to:agent	learner	0.000000
pvp	item	curriculum/Task_EquipItem_(item:Spear_level:3_num_agent:1)_reward_to:agent	takeru_100M	0.000000
pvp	item	curriculum/Task_EquipItem_(item:Spear_level:3_num_agent:1)_reward_to:agent	takeru_200M	0.002273
pvp	item	curriculum/Task_EquipItem_(item:Spear_level:3_num_agent:1)_reward_to:agent	takeru_25M	0.000000
pvp	item	curriculum/Task_EquipItem_(item:Spear_level:3_num_agent:1)_reward_to:agent	takeru_50M	0.000000
pvp	item	curriculum/Task_EquipItem_(item:Spear_level:3_num_agent:1)_reward_to:agent	yaofeng_100M	0.000000
pvp	item	curriculum/Task_EquipItem_(item:Spear_level:3_num_agent:1)_reward_to:agent	yaofeng_200M	0.001818
pvp	item	curriculum/Task_EquipItem_(item:Spear_level:3_num_agent:1)_reward_to:agent	yaofeng_25M	0.000000
pvp	item	curriculum/Task_EquipItem_(item:Spear_level:3_num_agent:1)_reward_to:agent	yaofeng_50M	0.004854
pvp	item	curriculum/Task_EquipItem_(item:Top_level:1_num_agent:1)_reward_to:agent	baseline_10M	0.233612
pvp	item	curriculum/Task_EquipItem_(item:Top_level:1_num_agent:1)_reward_to:agent	learner	0.062500
pvp	item	curriculum/Task_EquipItem_(item:Top_level:1_num_agent:1)_reward_to:agent	takeru_100M	0.453513
pvp	item	curriculum/Task_EquipItem_(item:Top_level:1_num_agent:1)_reward_to:agent	takeru_200M	0.467134
pvp	item	curriculum/Task_EquipItem_(item:Top_level:1_num_agent:1)_reward_to:agent	takeru_25M	0.296855
pvp	item	curriculum/Task_EquipItem_(item:Top_level:1_num_agent:1)_reward_to:agent	takeru_50M	0.353841
pvp	item	curriculum/Task_EquipItem_(item:Top_level:1_num_agent:1)_reward_to:agent	yaofeng_100M	0.555281
pvp	item	curriculum/Task_EquipItem_(item:Top_level:1_num_agent:1)_reward_to:agent	yaofeng_200M	0.702398
pvp	item	curriculum/Task_EquipItem_(item:Top_level:1_num_agent:1)_reward_to:agent	yaofeng_25M	0.450153
pvp	item	curriculum/Task_EquipItem_(item:Top_level:1_num_agent:1)_reward_to:agent	yaofeng_50M	0.492639
pvp	item	curriculum/Task_EquipItem_(item:Top_level:3_num_agent:1)_reward_to:agent	baseline_10M	0.022535
pvp	item	curriculum/Task_EquipItem_(item:Top_level:3_num_agent:1)_reward_to:agent	learner	0.000000
pvp	item	curriculum/Task_EquipItem_(item:Top_level:3_num_agent:1)_reward_to:agent	takeru_100M	0.106945
pvp	item	curriculum/Task_EquipItem_(item:Top_level:3_num_agent:1)_reward_to:agent	takeru_200M	0.137210
pvp	item	curriculum/Task_EquipItem_(item:Top_level:3_num_agent:1)_reward_to:agent	takeru_25M	0.046096
pvp	item	curriculum/Task_EquipItem_(item:Top_level:3_num_agent:1)_reward_to:agent	takeru_50M	0.057207
pvp	item	curriculum/Task_EquipItem_(item:Top_level:3_num_agent:1)_reward_to:agent	yaofeng_100M	0.321714
pvp	item	curriculum/Task_EquipItem_(item:Top_level:3_num_agent:1)_reward_to:agent	yaofeng_200M	0.344828
pvp	item	curriculum/Task_EquipItem_(item:Top_level:3_num_agent:1)_reward_to:agent	yaofeng_25M	0.165270
pvp	item	curriculum/Task_EquipItem_(item:Top_level:3_num_agent:1)_reward_to:agent	yaofeng_50M	0.240069
pvp	item	curriculum/Task_EquipItem_(item:Wand_level:1_num_agent:1)_reward_to:agent	baseline_10M	0.024865
pvp	item	curriculum/Task_EquipItem_(item:Wand_level:1_num_agent:1)_reward_to:agent	learner	0.000000
pvp	item	curriculum/Task_EquipItem_(item:Wand_level:1_num_agent:1)_reward_to:agent	takeru_100M	0.076289
pvp	item	curriculum/Task_EquipItem_(item:Wand_level:1_num_agent:1)_reward_to:agent	takeru_200M	0.068922
pvp	item	curriculum/Task_EquipItem_(item:Wand_level:1_num_agent:1)_reward_to:agent	takeru_25M	0.043402
pvp	item	curriculum/Task_EquipItem_(item:Wand_level:1_num_agent:1)_reward_to:agent	takeru_50M	0.044770
pvp	item	curriculum/Task_EquipItem_(item:Wand_level:1_num_agent:1)_reward_to:agent	yaofeng_100M	0.070759
pvp	item	curriculum/Task_EquipItem_(item:Wand_level:1_num_agent:1)_reward_to:agent	yaofeng_200M	0.119078
pvp	item	curriculum/Task_EquipItem_(item:Wand_level:1_num_agent:1)_reward_to:agent	yaofeng_25M	0.023722
pvp	item	curriculum/Task_EquipItem_(item:Wand_level:1_num_agent:1)_reward_to:agent	yaofeng_50M	0.073452
pvp	item	curriculum/Task_EquipItem_(item:Wand_level:3_num_agent:1)_reward_to:agent	baseline_10M	0.000000
pvp	item	curriculum/Task_EquipItem_(item:Wand_level:3_num_agent:1)_reward_to:agent	learner	0.000000
pvp	item	curriculum/Task_EquipItem_(item:Wand_level:3_num_agent:1)_reward_to:agent	takeru_100M	0.000000
pvp	item	curriculum/Task_EquipItem_(item:Wand_level:3_num_agent:1)_reward_to:agent	takeru_200M	0.000000
pvp	item	curriculum/Task_EquipItem_(item:Wand_level:3_num_agent:1)_reward_to:agent	takeru_25M	0.002000
pvp	item	curriculum/Task_EquipItem_(item:Wand_level:3_num_agent:1)_reward_to:agent	takeru_50M	0.000000
pvp	item	curriculum/Task_EquipItem_(item:Wand_level:3_num_agent:1)_reward_to:agent	yaofeng_100M	0.004144
pvp	item	curriculum/Task_EquipItem_(item:Wand_level:3_num_agent:1)_reward_to:agent	yaofeng_200M	0.004548
pvp	item	curriculum/Task_EquipItem_(item:Wand_level:3_num_agent:1)_reward_to:agent	yaofeng_25M	0.000000
pvp	item	curriculum/Task_EquipItem_(item:Wand_level:3_num_agent:1)_reward_to:agent	yaofeng_50M	0.000000
pvp	item	curriculum/Task_EquipItem_(item:Whetstone_level:1_num_agent:1)_reward_to:agent	baseline_10M	0.223064
pvp	item	curriculum/Task_EquipItem_(item:Whetstone_level:1_num_agent:1)_reward_to:agent	learner	0.000000
pvp	item	curriculum/Task_EquipItem_(item:Whetstone_level:1_num_agent:1)_reward_to:agent	takeru_100M	0.388437
pvp	item	curriculum/Task_EquipItem_(item:Whetstone_level:1_num_agent:1)_reward_to:agent	takeru_200M	0.421946
pvp	item	curriculum/Task_EquipItem_(item:Whetstone_level:1_num_agent:1)_reward_to:agent	takeru_25M	0.316432
pvp	item	curriculum/Task_EquipItem_(item:Whetstone_level:1_num_agent:1)_reward_to:agent	takeru_50M	0.346657
pvp	item	curriculum/Task_EquipItem_(item:Whetstone_level:1_num_agent:1)_reward_to:agent	yaofeng_100M	0.497006
pvp	item	curriculum/Task_EquipItem_(item:Whetstone_level:1_num_agent:1)_reward_to:agent	yaofeng_200M	0.575667
pvp	item	curriculum/Task_EquipItem_(item:Whetstone_level:1_num_agent:1)_reward_to:agent	yaofeng_25M	0.252354
pvp	item	curriculum/Task_EquipItem_(item:Whetstone_level:1_num_agent:1)_reward_to:agent	yaofeng_50M	0.410747
pvp	item	curriculum/Task_EquipItem_(item:Whetstone_level:3_num_agent:1)_reward_to:agent	baseline_10M	0.000000
pvp	item	curriculum/Task_EquipItem_(item:Whetstone_level:3_num_agent:1)_reward_to:agent	learner	0.000000
pvp	item	curriculum/Task_EquipItem_(item:Whetstone_level:3_num_agent:1)_reward_to:agent	takeru_100M	0.019248
pvp	item	curriculum/Task_EquipItem_(item:Whetstone_level:3_num_agent:1)_reward_to:agent	takeru_200M	0.025559
pvp	item	curriculum/Task_EquipItem_(item:Whetstone_level:3_num_agent:1)_reward_to:agent	takeru_25M	0.009349
pvp	item	curriculum/Task_EquipItem_(item:Whetstone_level:3_num_agent:1)_reward_to:agent	takeru_50M	0.013447
pvp	item	curriculum/Task_EquipItem_(item:Whetstone_level:3_num_agent:1)_reward_to:agent	yaofeng_100M	0.028887
pvp	item	curriculum/Task_EquipItem_(item:Whetstone_level:3_num_agent:1)_reward_to:agent	yaofeng_200M	0.069500
pvp	item	curriculum/Task_EquipItem_(item:Whetstone_level:3_num_agent:1)_reward_to:agent	yaofeng_25M	0.011091
pvp	item	curriculum/Task_EquipItem_(item:Whetstone_level:3_num_agent:1)_reward_to:agent	yaofeng_50M	0.030762
pvp	item	curriculum/Task_FullyArmed_(combat_style:Mage_level:1_num_agent:1)_reward_to:agent	baseline_10M	0.000000
pvp	item	curriculum/Task_FullyArmed_(combat_style:Mage_level:1_num_agent:1)_reward_to:agent	learner	0.000000
pvp	item	curriculum/Task_FullyArmed_(combat_style:Mage_level:1_num_agent:1)_reward_to:agent	takeru_100M	0.000000
pvp	item	curriculum/Task_FullyArmed_(combat_style:Mage_level:1_num_agent:1)_reward_to:agent	takeru_200M	0.000000
pvp	item	curriculum/Task_FullyArmed_(combat_style:Mage_level:1_num_agent:1)_reward_to:agent	takeru_25M	0.000000
pvp	item	curriculum/Task_FullyArmed_(combat_style:Mage_level:1_num_agent:1)_reward_to:agent	takeru_50M	0.000000
pvp	item	curriculum/Task_FullyArmed_(combat_style:Mage_level:1_num_agent:1)_reward_to:agent	yaofeng_100M	0.002083
pvp	item	curriculum/Task_FullyArmed_(combat_style:Mage_level:1_num_agent:1)_reward_to:agent	yaofeng_200M	0.001923
pvp	item	curriculum/Task_FullyArmed_(combat_style:Mage_level:1_num_agent:1)_reward_to:agent	yaofeng_25M	0.000000
pvp	item	curriculum/Task_FullyArmed_(combat_style:Mage_level:1_num_agent:1)_reward_to:agent	yaofeng_50M	0.000000
pvp	item	curriculum/Task_FullyArmed_(combat_style:Mage_level:3_num_agent:1)_reward_to:agent	baseline_10M	0.000000
pvp	item	curriculum/Task_FullyArmed_(combat_style:Mage_level:3_num_agent:1)_reward_to:agent	learner	0.000000
pvp	item	curriculum/Task_FullyArmed_(combat_style:Mage_level:3_num_agent:1)_reward_to:agent	takeru_100M	0.000000
pvp	item	curriculum/Task_FullyArmed_(combat_style:Mage_level:3_num_agent:1)_reward_to:agent	takeru_200M	0.000000
pvp	item	curriculum/Task_FullyArmed_(combat_style:Mage_level:3_num_agent:1)_reward_to:agent	takeru_25M	0.000000
pvp	item	curriculum/Task_FullyArmed_(combat_style:Mage_level:3_num_agent:1)_reward_to:agent	takeru_50M	0.000000
pvp	item	curriculum/Task_FullyArmed_(combat_style:Mage_level:3_num_agent:1)_reward_to:agent	yaofeng_100M	0.000000
pvp	item	curriculum/Task_FullyArmed_(combat_style:Mage_level:3_num_agent:1)_reward_to:agent	yaofeng_200M	0.000000
pvp	item	curriculum/Task_FullyArmed_(combat_style:Mage_level:3_num_agent:1)_reward_to:agent	yaofeng_25M	0.000000
pvp	item	curriculum/Task_FullyArmed_(combat_style:Mage_level:3_num_agent:1)_reward_to:agent	yaofeng_50M	0.000000
pvp	item	curriculum/Task_FullyArmed_(combat_style:Melee_level:1_num_agent:1)_reward_to:agent	baseline_10M	0.000000
pvp	item	curriculum/Task_FullyArmed_(combat_style:Melee_level:1_num_agent:1)_reward_to:agent	learner	0.000000
pvp	item	curriculum/Task_FullyArmed_(combat_style:Melee_level:1_num_agent:1)_reward_to:agent	takeru_100M	0.000000
pvp	item	curriculum/Task_FullyArmed_(combat_style:Melee_level:1_num_agent:1)_reward_to:agent	takeru_200M	0.000000
pvp	item	curriculum/Task_FullyArmed_(combat_style:Melee_level:1_num_agent:1)_reward_to:agent	takeru_25M	0.000000
pvp	item	curriculum/Task_FullyArmed_(combat_style:Melee_level:1_num_agent:1)_reward_to:agent	takeru_50M	0.000000
pvp	item	curriculum/Task_FullyArmed_(combat_style:Melee_level:1_num_agent:1)_reward_to:agent	yaofeng_100M	0.000000
pvp	item	curriculum/Task_FullyArmed_(combat_style:Melee_level:1_num_agent:1)_reward_to:agent	yaofeng_200M	0.000000
pvp	item	curriculum/Task_FullyArmed_(combat_style:Melee_level:1_num_agent:1)_reward_to:agent	yaofeng_25M	0.000000
pvp	item	curriculum/Task_FullyArmed_(combat_style:Melee_level:1_num_agent:1)_reward_to:agent	yaofeng_50M	0.001887
pvp	item	curriculum/Task_FullyArmed_(combat_style:Melee_level:3_num_agent:1)_reward_to:agent	baseline_10M	0.000000
pvp	item	curriculum/Task_FullyArmed_(combat_style:Melee_level:3_num_agent:1)_reward_to:agent	learner	0.000000
pvp	item	curriculum/Task_FullyArmed_(combat_style:Melee_level:3_num_agent:1)_reward_to:agent	takeru_100M	0.000000
pvp	item	curriculum/Task_FullyArmed_(combat_style:Melee_level:3_num_agent:1)_reward_to:agent	takeru_200M	0.000000
pvp	item	curriculum/Task_FullyArmed_(combat_style:Melee_level:3_num_agent:1)_reward_to:agent	takeru_25M	0.000000
pvp	item	curriculum/Task_FullyArmed_(combat_style:Melee_level:3_num_agent:1)_reward_to:agent	takeru_50M	0.000000
pvp	item	curriculum/Task_FullyArmed_(combat_style:Melee_level:3_num_agent:1)_reward_to:agent	yaofeng_100M	0.000000
pvp	item	curriculum/Task_FullyArmed_(combat_style:Melee_level:3_num_agent:1)_reward_to:agent	yaofeng_200M	0.000000
pvp	item	curriculum/Task_FullyArmed_(combat_style:Melee_level:3_num_agent:1)_reward_to:agent	yaofeng_25M	0.000000
pvp	item	curriculum/Task_FullyArmed_(combat_style:Melee_level:3_num_agent:1)_reward_to:agent	yaofeng_50M	0.000000
pvp	item	curriculum/Task_FullyArmed_(combat_style:Range_level:1_num_agent:1)_reward_to:agent	baseline_10M	0.000000
pvp	item	curriculum/Task_FullyArmed_(combat_style:Range_level:1_num_agent:1)_reward_to:agent	learner	0.000000
pvp	item	curriculum/Task_FullyArmed_(combat_style:Range_level:1_num_agent:1)_reward_to:agent	takeru_100M	0.000000
pvp	item	curriculum/Task_FullyArmed_(combat_style:Range_level:1_num_agent:1)_reward_to:agent	takeru_200M	0.000000
pvp	item	curriculum/Task_FullyArmed_(combat_style:Range_level:1_num_agent:1)_reward_to:agent	takeru_25M	0.000000
pvp	item	curriculum/Task_FullyArmed_(combat_style:Range_level:1_num_agent:1)_reward_to:agent	takeru_50M	0.000000
pvp	item	curriculum/Task_FullyArmed_(combat_style:Range_level:1_num_agent:1)_reward_to:agent	yaofeng_100M	0.000000
pvp	item	curriculum/Task_FullyArmed_(combat_style:Range_level:1_num_agent:1)_reward_to:agent	yaofeng_200M	0.000000
pvp	item	curriculum/Task_FullyArmed_(combat_style:Range_level:1_num_agent:1)_reward_to:agent	yaofeng_25M	0.000000
pvp	item	curriculum/Task_FullyArmed_(combat_style:Range_level:1_num_agent:1)_reward_to:agent	yaofeng_50M	0.000000
pvp	item	curriculum/Task_FullyArmed_(combat_style:Range_level:3_num_agent:1)_reward_to:agent	baseline_10M	0.000000
pvp	item	curriculum/Task_FullyArmed_(combat_style:Range_level:3_num_agent:1)_reward_to:agent	learner	0.000000
pvp	item	curriculum/Task_FullyArmed_(combat_style:Range_level:3_num_agent:1)_reward_to:agent	takeru_100M	0.000000
pvp	item	curriculum/Task_FullyArmed_(combat_style:Range_level:3_num_agent:1)_reward_to:agent	takeru_200M	0.000000
pvp	item	curriculum/Task_FullyArmed_(combat_style:Range_level:3_num_agent:1)_reward_to:agent	takeru_25M	0.000000
pvp	item	curriculum/Task_FullyArmed_(combat_style:Range_level:3_num_agent:1)_reward_to:agent	takeru_50M	0.000000
pvp	item	curriculum/Task_FullyArmed_(combat_style:Range_level:3_num_agent:1)_reward_to:agent	yaofeng_100M	0.000000
pvp	item	curriculum/Task_FullyArmed_(combat_style:Range_level:3_num_agent:1)_reward_to:agent	yaofeng_200M	0.000000
pvp	item	curriculum/Task_FullyArmed_(combat_style:Range_level:3_num_agent:1)_reward_to:agent	yaofeng_25M	0.000000
pvp	item	curriculum/Task_FullyArmed_(combat_style:Range_level:3_num_agent:1)_reward_to:agent	yaofeng_50M	0.000000
pvp	item	curriculum/Task_HarvestItem_(item:Arrow_level:1_quantity:20)_reward_to:agent	baseline_10M	0.096230
pvp	item	curriculum/Task_HarvestItem_(item:Arrow_level:1_quantity:20)_reward_to:agent	learner	0.005769
pvp	item	curriculum/Task_HarvestItem_(item:Arrow_level:1_quantity:20)_reward_to:agent	takeru_100M	0.137061
pvp	item	curriculum/Task_HarvestItem_(item:Arrow_level:1_quantity:20)_reward_to:agent	takeru_200M	0.148020
pvp	item	curriculum/Task_HarvestItem_(item:Arrow_level:1_quantity:20)_reward_to:agent	takeru_25M	0.115869
pvp	item	curriculum/Task_HarvestItem_(item:Arrow_level:1_quantity:20)_reward_to:agent	takeru_50M	0.106649
pvp	item	curriculum/Task_HarvestItem_(item:Arrow_level:1_quantity:20)_reward_to:agent	yaofeng_100M	0.302283
pvp	item	curriculum/Task_HarvestItem_(item:Arrow_level:1_quantity:20)_reward_to:agent	yaofeng_200M	0.325017
pvp	item	curriculum/Task_HarvestItem_(item:Arrow_level:1_quantity:20)_reward_to:agent	yaofeng_25M	0.198606
pvp	item	curriculum/Task_HarvestItem_(item:Arrow_level:1_quantity:20)_reward_to:agent	yaofeng_50M	0.247274
pvp	item	curriculum/Task_HarvestItem_(item:Arrow_level:3_quantity:20)_reward_to:agent	baseline_10M	0.000000
pvp	item	curriculum/Task_HarvestItem_(item:Arrow_level:3_quantity:20)_reward_to:agent	learner	0.000000
pvp	item	curriculum/Task_HarvestItem_(item:Arrow_level:3_quantity:20)_reward_to:agent	takeru_100M	0.003894
pvp	item	curriculum/Task_HarvestItem_(item:Arrow_level:3_quantity:20)_reward_to:agent	takeru_200M	0.002148
pvp	item	curriculum/Task_HarvestItem_(item:Arrow_level:3_quantity:20)_reward_to:agent	takeru_25M	0.001902
pvp	item	curriculum/Task_HarvestItem_(item:Arrow_level:3_quantity:20)_reward_to:agent	takeru_50M	0.000329
pvp	item	curriculum/Task_HarvestItem_(item:Arrow_level:3_quantity:20)_reward_to:agent	yaofeng_100M	0.022036
pvp	item	curriculum/Task_HarvestItem_(item:Arrow_level:3_quantity:20)_reward_to:agent	yaofeng_200M	0.026127
pvp	item	curriculum/Task_HarvestItem_(item:Arrow_level:3_quantity:20)_reward_to:agent	yaofeng_25M	0.010138
pvp	item	curriculum/Task_HarvestItem_(item:Arrow_level:3_quantity:20)_reward_to:agent	yaofeng_50M	0.003135
pvp	item	curriculum/Task_HarvestItem_(item:Runes_level:1_quantity:20)_reward_to:agent	baseline_10M	0.057817
pvp	item	curriculum/Task_HarvestItem_(item:Runes_level:1_quantity:20)_reward_to:agent	learner	0.003393
pvp	item	curriculum/Task_HarvestItem_(item:Runes_level:1_quantity:20)_reward_to:agent	takeru_100M	0.128061
pvp	item	curriculum/Task_HarvestItem_(item:Runes_level:1_quantity:20)_reward_to:agent	takeru_200M	0.226017
pvp	item	curriculum/Task_HarvestItem_(item:Runes_level:1_quantity:20)_reward_to:agent	takeru_25M	0.065789
pvp	item	curriculum/Task_HarvestItem_(item:Runes_level:1_quantity:20)_reward_to:agent	takeru_50M	0.134483
pvp	item	curriculum/Task_HarvestItem_(item:Runes_level:1_quantity:20)_reward_to:agent	yaofeng_100M	0.255939
pvp	item	curriculum/Task_HarvestItem_(item:Runes_level:1_quantity:20)_reward_to:agent	yaofeng_200M	0.378000
pvp	item	curriculum/Task_HarvestItem_(item:Runes_level:1_quantity:20)_reward_to:agent	yaofeng_25M	0.178494
pvp	item	curriculum/Task_HarvestItem_(item:Runes_level:1_quantity:20)_reward_to:agent	yaofeng_50M	0.221568
pvp	item	curriculum/Task_HarvestItem_(item:Runes_level:3_quantity:20)_reward_to:agent	baseline_10M	0.000000
pvp	item	curriculum/Task_HarvestItem_(item:Runes_level:3_quantity:20)_reward_to:agent	learner	0.000000
pvp	item	curriculum/Task_HarvestItem_(item:Runes_level:3_quantity:20)_reward_to:agent	takeru_100M	0.002530
pvp	item	curriculum/Task_HarvestItem_(item:Runes_level:3_quantity:20)_reward_to:agent	takeru_200M	0.005585
pvp	item	curriculum/Task_HarvestItem_(item:Runes_level:3_quantity:20)_reward_to:agent	takeru_25M	0.000270
pvp	item	curriculum/Task_HarvestItem_(item:Runes_level:3_quantity:20)_reward_to:agent	takeru_50M	0.001159
pvp	item	curriculum/Task_HarvestItem_(item:Runes_level:3_quantity:20)_reward_to:agent	yaofeng_100M	0.021798
pvp	item	curriculum/Task_HarvestItem_(item:Runes_level:3_quantity:20)_reward_to:agent	yaofeng_200M	0.030903
pvp	item	curriculum/Task_HarvestItem_(item:Runes_level:3_quantity:20)_reward_to:agent	yaofeng_25M	0.005634
pvp	item	curriculum/Task_HarvestItem_(item:Runes_level:3_quantity:20)_reward_to:agent	yaofeng_50M	0.008248
pvp	item	curriculum/Task_HarvestItem_(item:Whetstone_level:1_quantity:20)_reward_to:agent	baseline_10M	0.062851
pvp	item	curriculum/Task_HarvestItem_(item:Whetstone_level:1_quantity:20)_reward_to:agent	learner	0.004881
pvp	item	curriculum/Task_HarvestItem_(item:Whetstone_level:1_quantity:20)_reward_to:agent	takeru_100M	0.136648
pvp	item	curriculum/Task_HarvestItem_(item:Whetstone_level:1_quantity:20)_reward_to:agent	takeru_200M	0.167312
pvp	item	curriculum/Task_HarvestItem_(item:Whetstone_level:1_quantity:20)_reward_to:agent	takeru_25M	0.092049
pvp	item	curriculum/Task_HarvestItem_(item:Whetstone_level:1_quantity:20)_reward_to:agent	takeru_50M	0.127275
pvp	item	curriculum/Task_HarvestItem_(item:Whetstone_level:1_quantity:20)_reward_to:agent	yaofeng_100M	0.284616
pvp	item	curriculum/Task_HarvestItem_(item:Whetstone_level:1_quantity:20)_reward_to:agent	yaofeng_200M	0.391964
pvp	item	curriculum/Task_HarvestItem_(item:Whetstone_level:1_quantity:20)_reward_to:agent	yaofeng_25M	0.166134
pvp	item	curriculum/Task_HarvestItem_(item:Whetstone_level:1_quantity:20)_reward_to:agent	yaofeng_50M	0.241427
pvp	item	curriculum/Task_HarvestItem_(item:Whetstone_level:3_quantity:20)_reward_to:agent	baseline_10M	0.000000
pvp	item	curriculum/Task_HarvestItem_(item:Whetstone_level:3_quantity:20)_reward_to:agent	learner	0.000000
pvp	item	curriculum/Task_HarvestItem_(item:Whetstone_level:3_quantity:20)_reward_to:agent	takeru_100M	0.001656
pvp	item	curriculum/Task_HarvestItem_(item:Whetstone_level:3_quantity:20)_reward_to:agent	takeru_200M	0.003967
pvp	item	curriculum/Task_HarvestItem_(item:Whetstone_level:3_quantity:20)_reward_to:agent	takeru_25M	0.001371
pvp	item	curriculum/Task_HarvestItem_(item:Whetstone_level:3_quantity:20)_reward_to:agent	takeru_50M	0.002048
pvp	item	curriculum/Task_HarvestItem_(item:Whetstone_level:3_quantity:20)_reward_to:agent	yaofeng_100M	0.023147
pvp	item	curriculum/Task_HarvestItem_(item:Whetstone_level:3_quantity:20)_reward_to:agent	yaofeng_200M	0.024004
pvp	item	curriculum/Task_HarvestItem_(item:Whetstone_level:3_quantity:20)_reward_to:agent	yaofeng_25M	0.009361
pvp	item	curriculum/Task_HarvestItem_(item:Whetstone_level:3_quantity:20)_reward_to:agent	yaofeng_50M	0.019212
pvp	market	curriculum/Task_CountEvent_(event:BUY_ITEM_N:20)_reward_to:agent	baseline_10M	0.045111
pvp	market	curriculum/Task_CountEvent_(event:BUY_ITEM_N:20)_reward_to:agent	learner	0.001000
pvp	market	curriculum/Task_CountEvent_(event:BUY_ITEM_N:20)_reward_to:agent	takeru_100M	0.190428
pvp	market	curriculum/Task_CountEvent_(event:BUY_ITEM_N:20)_reward_to:agent	takeru_200M	0.270005
pvp	market	curriculum/Task_CountEvent_(event:BUY_ITEM_N:20)_reward_to:agent	takeru_25M	0.163176
pvp	market	curriculum/Task_CountEvent_(event:BUY_ITEM_N:20)_reward_to:agent	takeru_50M	0.089512
pvp	market	curriculum/Task_CountEvent_(event:BUY_ITEM_N:20)_reward_to:agent	yaofeng_100M	0.434385
pvp	market	curriculum/Task_CountEvent_(event:BUY_ITEM_N:20)_reward_to:agent	yaofeng_200M	0.590321
pvp	market	curriculum/Task_CountEvent_(event:BUY_ITEM_N:20)_reward_to:agent	yaofeng_25M	0.306689
pvp	market	curriculum/Task_CountEvent_(event:BUY_ITEM_N:20)_reward_to:agent	yaofeng_50M	0.284202
pvp	market	curriculum/Task_CountEvent_(event:EARN_GOLD_N:20)_reward_to:agent	baseline_10M	0.024527
pvp	market	curriculum/Task_CountEvent_(event:EARN_GOLD_N:20)_reward_to:agent	learner	0.000833
pvp	market	curriculum/Task_CountEvent_(event:EARN_GOLD_N:20)_reward_to:agent	takeru_100M	0.214641
pvp	market	curriculum/Task_CountEvent_(event:EARN_GOLD_N:20)_reward_to:agent	takeru_200M	0.255861
pvp	market	curriculum/Task_CountEvent_(event:EARN_GOLD_N:20)_reward_to:agent	takeru_25M	0.160177
pvp	market	curriculum/Task_CountEvent_(event:EARN_GOLD_N:20)_reward_to:agent	takeru_50M	0.107378
pvp	market	curriculum/Task_CountEvent_(event:EARN_GOLD_N:20)_reward_to:agent	yaofeng_100M	0.365094
pvp	market	curriculum/Task_CountEvent_(event:EARN_GOLD_N:20)_reward_to:agent	yaofeng_200M	0.509043
pvp	market	curriculum/Task_CountEvent_(event:EARN_GOLD_N:20)_reward_to:agent	yaofeng_25M	0.340367
pvp	market	curriculum/Task_CountEvent_(event:EARN_GOLD_N:20)_reward_to:agent	yaofeng_50M	0.293043
pvp	market	curriculum/Task_EarnGold_(amount:100)_reward_to:agent	baseline_10M	0.100294
pvp	market	curriculum/Task_EarnGold_(amount:100)_reward_to:agent	learner	0.010056
pvp	market	curriculum/Task_EarnGold_(amount:100)_reward_to:agent	takeru_100M	0.322551
pvp	market	curriculum/Task_EarnGold_(amount:100)_reward_to:agent	takeru_200M	0.400283
pvp	market	curriculum/Task_EarnGold_(amount:100)_reward_to:agent	takeru_25M	0.274968
pvp	market	curriculum/Task_EarnGold_(amount:100)_reward_to:agent	takeru_50M	0.236550
pvp	market	curriculum/Task_EarnGold_(amount:100)_reward_to:agent	yaofeng_100M	0.588224
pvp	market	curriculum/Task_EarnGold_(amount:100)_reward_to:agent	yaofeng_200M	0.689052
pvp	market	curriculum/Task_EarnGold_(amount:100)_reward_to:agent	yaofeng_25M	0.392607
pvp	market	curriculum/Task_EarnGold_(amount:100)_reward_to:agent	yaofeng_50M	0.460254
pvp	market	curriculum/Task_HoardGold_(amount:100)_reward_to:agent	baseline_10M	0.078869
pvp	market	curriculum/Task_HoardGold_(amount:100)_reward_to:agent	learner	0.017533
pvp	market	curriculum/Task_HoardGold_(amount:100)_reward_to:agent	takeru_100M	0.275272
pvp	market	curriculum/Task_HoardGold_(amount:100)_reward_to:agent	takeru_200M	0.327623
pvp	market	curriculum/Task_HoardGold_(amount:100)_reward_to:agent	takeru_25M	0.192490
pvp	market	curriculum/Task_HoardGold_(amount:100)_reward_to:agent	takeru_50M	0.185439
pvp	market	curriculum/Task_HoardGold_(amount:100)_reward_to:agent	yaofeng_100M	0.519819
pvp	market	curriculum/Task_HoardGold_(amount:100)_reward_to:agent	yaofeng_200M	0.610216
pvp	market	curriculum/Task_HoardGold_(amount:100)_reward_to:agent	yaofeng_25M	0.370272
pvp	market	curriculum/Task_HoardGold_(amount:100)_reward_to:agent	yaofeng_50M	0.391249
pvp	market	curriculum/Task_MakeProfit_(amount:100)_reward_to:agent	baseline_10M	0.073774
pvp	market	curriculum/Task_MakeProfit_(amount:100)_reward_to:agent	learner	0.006452
pvp	market	curriculum/Task_MakeProfit_(amount:100)_reward_to:agent	takeru_100M	0.255990
pvp	market	curriculum/Task_MakeProfit_(amount:100)_reward_to:agent	takeru_200M	0.329239
pvp	market	curriculum/Task_MakeProfit_(amount:100)_reward_to:agent	takeru_25M	0.201897
pvp	market	curriculum/Task_MakeProfit_(amount:100)_reward_to:agent	takeru_50M	0.146389
pvp	market	curriculum/Task_MakeProfit_(amount:100)_reward_to:agent	yaofeng_100M	0.514438
pvp	market	curriculum/Task_MakeProfit_(amount:100)_reward_to:agent	yaofeng_200M	0.604743
pvp	market	curriculum/Task_MakeProfit_(amount:100)_reward_to:agent	yaofeng_25M	0.364139
pvp	market	curriculum/Task_MakeProfit_(amount:100)_reward_to:agent	yaofeng_50M	0.360972
pvp	skill	curriculum/Task_AttainSkill_(skill:Alchemy_level:10_num_agent:1)_reward_to:agent	baseline_10M	0.008304
pvp	skill	curriculum/Task_AttainSkill_(skill:Alchemy_level:10_num_agent:1)_reward_to:agent	learner	0.000000
pvp	skill	curriculum/Task_AttainSkill_(skill:Alchemy_level:10_num_agent:1)_reward_to:agent	takeru_100M	0.028821
pvp	skill	curriculum/Task_AttainSkill_(skill:Alchemy_level:10_num_agent:1)_reward_to:agent	takeru_200M	0.050271
pvp	skill	curriculum/Task_AttainSkill_(skill:Alchemy_level:10_num_agent:1)_reward_to:agent	takeru_25M	0.012626
pvp	skill	curriculum/Task_AttainSkill_(skill:Alchemy_level:10_num_agent:1)_reward_to:agent	takeru_50M	0.025284
pvp	skill	curriculum/Task_AttainSkill_(skill:Alchemy_level:10_num_agent:1)_reward_to:agent	yaofeng_100M	0.065957
pvp	skill	curriculum/Task_AttainSkill_(skill:Alchemy_level:10_num_agent:1)_reward_to:agent	yaofeng_200M	0.109659
pvp	skill	curriculum/Task_AttainSkill_(skill:Alchemy_level:10_num_agent:1)_reward_to:agent	yaofeng_25M	0.041289
pvp	skill	curriculum/Task_AttainSkill_(skill:Alchemy_level:10_num_agent:1)_reward_to:agent	yaofeng_50M	0.046177
pvp	skill	curriculum/Task_AttainSkill_(skill:Carving_level:10_num_agent:1)_reward_to:agent	baseline_10M	0.019302
pvp	skill	curriculum/Task_AttainSkill_(skill:Carving_level:10_num_agent:1)_reward_to:agent	learner	0.000000
pvp	skill	curriculum/Task_AttainSkill_(skill:Carving_level:10_num_agent:1)_reward_to:agent	takeru_100M	0.032633
pvp	skill	curriculum/Task_AttainSkill_(skill:Carving_level:10_num_agent:1)_reward_to:agent	takeru_200M	0.041394
pvp	skill	curriculum/Task_AttainSkill_(skill:Carving_level:10_num_agent:1)_reward_to:agent	takeru_25M	0.025375
pvp	skill	curriculum/Task_AttainSkill_(skill:Carving_level:10_num_agent:1)_reward_to:agent	takeru_50M	0.018111
pvp	skill	curriculum/Task_AttainSkill_(skill:Carving_level:10_num_agent:1)_reward_to:agent	yaofeng_100M	0.077422
pvp	skill	curriculum/Task_AttainSkill_(skill:Carving_level:10_num_agent:1)_reward_to:agent	yaofeng_200M	0.081802
pvp	skill	curriculum/Task_AttainSkill_(skill:Carving_level:10_num_agent:1)_reward_to:agent	yaofeng_25M	0.051030
pvp	skill	curriculum/Task_AttainSkill_(skill:Carving_level:10_num_agent:1)_reward_to:agent	yaofeng_50M	0.057017
pvp	skill	curriculum/Task_AttainSkill_(skill:Fishing_level:10_num_agent:1)_reward_to:agent	baseline_10M	0.020537
pvp	skill	curriculum/Task_AttainSkill_(skill:Fishing_level:10_num_agent:1)_reward_to:agent	learner	0.000000
pvp	skill	curriculum/Task_AttainSkill_(skill:Fishing_level:10_num_agent:1)_reward_to:agent	takeru_100M	0.065470
pvp	skill	curriculum/Task_AttainSkill_(skill:Fishing_level:10_num_agent:1)_reward_to:agent	takeru_200M	0.091478
pvp	skill	curriculum/Task_AttainSkill_(skill:Fishing_level:10_num_agent:1)_reward_to:agent	takeru_25M	0.040918
pvp	skill	curriculum/Task_AttainSkill_(skill:Fishing_level:10_num_agent:1)_reward_to:agent	takeru_50M	0.044405
pvp	skill	curriculum/Task_AttainSkill_(skill:Fishing_level:10_num_agent:1)_reward_to:agent	yaofeng_100M	0.122790
pvp	skill	curriculum/Task_AttainSkill_(skill:Fishing_level:10_num_agent:1)_reward_to:agent	yaofeng_200M	0.178729
pvp	skill	curriculum/Task_AttainSkill_(skill:Fishing_level:10_num_agent:1)_reward_to:agent	yaofeng_25M	0.080075
pvp	skill	curriculum/Task_AttainSkill_(skill:Fishing_level:10_num_agent:1)_reward_to:agent	yaofeng_50M	0.102572
pvp	skill	curriculum/Task_AttainSkill_(skill:Herbalism_level:10_num_agent:1)_reward_to:agent	baseline_10M	0.015421
pvp	skill	curriculum/Task_AttainSkill_(skill:Herbalism_level:10_num_agent:1)_reward_to:agent	learner	0.000000
pvp	skill	curriculum/Task_AttainSkill_(skill:Herbalism_level:10_num_agent:1)_reward_to:agent	takeru_100M	0.060674
pvp	skill	curriculum/Task_AttainSkill_(skill:Herbalism_level:10_num_agent:1)_reward_to:agent	takeru_200M	0.075072
pvp	skill	curriculum/Task_AttainSkill_(skill:Herbalism_level:10_num_agent:1)_reward_to:agent	takeru_25M	0.043868
pvp	skill	curriculum/Task_AttainSkill_(skill:Herbalism_level:10_num_agent:1)_reward_to:agent	takeru_50M	0.041770
pvp	skill	curriculum/Task_AttainSkill_(skill:Herbalism_level:10_num_agent:1)_reward_to:agent	yaofeng_100M	0.133026
pvp	skill	curriculum/Task_AttainSkill_(skill:Herbalism_level:10_num_agent:1)_reward_to:agent	yaofeng_200M	0.135593
pvp	skill	curriculum/Task_AttainSkill_(skill:Herbalism_level:10_num_agent:1)_reward_to:agent	yaofeng_25M	0.086847
pvp	skill	curriculum/Task_AttainSkill_(skill:Herbalism_level:10_num_agent:1)_reward_to:agent	yaofeng_50M	0.096312
pvp	skill	curriculum/Task_AttainSkill_(skill:Mage_level:10_num_agent:1)_reward_to:agent	baseline_10M	0.049943
pvp	skill	curriculum/Task_AttainSkill_(skill:Mage_level:10_num_agent:1)_reward_to:agent	learner	0.003677
pvp	skill	curriculum/Task_AttainSkill_(skill:Mage_level:10_num_agent:1)_reward_to:agent	takeru_100M	0.106222
pvp	skill	curriculum/Task_AttainSkill_(skill:Mage_level:10_num_agent:1)_reward_to:agent	takeru_200M	0.137276
pvp	skill	curriculum/Task_AttainSkill_(skill:Mage_level:10_num_agent:1)_reward_to:agent	takeru_25M	0.066912
pvp	skill	curriculum/Task_AttainSkill_(skill:Mage_level:10_num_agent:1)_reward_to:agent	takeru_50M	0.078119
pvp	skill	curriculum/Task_AttainSkill_(skill:Mage_level:10_num_agent:1)_reward_to:agent	yaofeng_100M	0.280781
pvp	skill	curriculum/Task_AttainSkill_(skill:Mage_level:10_num_agent:1)_reward_to:agent	yaofeng_200M	0.296815
pvp	skill	curriculum/Task_AttainSkill_(skill:Mage_level:10_num_agent:1)_reward_to:agent	yaofeng_25M	0.164111
pvp	skill	curriculum/Task_AttainSkill_(skill:Mage_level:10_num_agent:1)_reward_to:agent	yaofeng_50M	0.200478
pvp	skill	curriculum/Task_AttainSkill_(skill:Melee_level:10_num_agent:1)_reward_to:agent	baseline_10M	0.081317
pvp	skill	curriculum/Task_AttainSkill_(skill:Melee_level:10_num_agent:1)_reward_to:agent	learner	0.000000
pvp	skill	curriculum/Task_AttainSkill_(skill:Melee_level:10_num_agent:1)_reward_to:agent	takeru_100M	0.123871
pvp	skill	curriculum/Task_AttainSkill_(skill:Melee_level:10_num_agent:1)_reward_to:agent	takeru_200M	0.119349
pvp	skill	curriculum/Task_AttainSkill_(skill:Melee_level:10_num_agent:1)_reward_to:agent	takeru_25M	0.086019
pvp	skill	curriculum/Task_AttainSkill_(skill:Melee_level:10_num_agent:1)_reward_to:agent	takeru_50M	0.097525
pvp	skill	curriculum/Task_AttainSkill_(skill:Melee_level:10_num_agent:1)_reward_to:agent	yaofeng_100M	0.162525
pvp	skill	curriculum/Task_AttainSkill_(skill:Melee_level:10_num_agent:1)_reward_to:agent	yaofeng_200M	0.170971
pvp	skill	curriculum/Task_AttainSkill_(skill:Melee_level:10_num_agent:1)_reward_to:agent	yaofeng_25M	0.123885
pvp	skill	curriculum/Task_AttainSkill_(skill:Melee_level:10_num_agent:1)_reward_to:agent	yaofeng_50M	0.129219
pvp	skill	curriculum/Task_AttainSkill_(skill:Prospecting_level:10_num_agent:1)_reward_to:agent	baseline_10M	0.007129
pvp	skill	curriculum/Task_AttainSkill_(skill:Prospecting_level:10_num_agent:1)_reward_to:agent	learner	0.000000
pvp	skill	curriculum/Task_AttainSkill_(skill:Prospecting_level:10_num_agent:1)_reward_to:agent	takeru_100M	0.030913
pvp	skill	curriculum/Task_AttainSkill_(skill:Prospecting_level:10_num_agent:1)_reward_to:agent	takeru_200M	0.043354
pvp	skill	curriculum/Task_AttainSkill_(skill:Prospecting_level:10_num_agent:1)_reward_to:agent	takeru_25M	0.017534
pvp	skill	curriculum/Task_AttainSkill_(skill:Prospecting_level:10_num_agent:1)_reward_to:agent	takeru_50M	0.021787
pvp	skill	curriculum/Task_AttainSkill_(skill:Prospecting_level:10_num_agent:1)_reward_to:agent	yaofeng_100M	0.078057
pvp	skill	curriculum/Task_AttainSkill_(skill:Prospecting_level:10_num_agent:1)_reward_to:agent	yaofeng_200M	0.108211
pvp	skill	curriculum/Task_AttainSkill_(skill:Prospecting_level:10_num_agent:1)_reward_to:agent	yaofeng_25M	0.044233
pvp	skill	curriculum/Task_AttainSkill_(skill:Prospecting_level:10_num_agent:1)_reward_to:agent	yaofeng_50M	0.061139
pvp	skill	curriculum/Task_AttainSkill_(skill:Range_level:10_num_agent:1)_reward_to:agent	baseline_10M	0.048516
pvp	skill	curriculum/Task_AttainSkill_(skill:Range_level:10_num_agent:1)_reward_to:agent	learner	0.000000
pvp	skill	curriculum/Task_AttainSkill_(skill:Range_level:10_num_agent:1)_reward_to:agent	takeru_100M	0.107384
pvp	skill	curriculum/Task_AttainSkill_(skill:Range_level:10_num_agent:1)_reward_to:agent	takeru_200M	0.130102
pvp	skill	curriculum/Task_AttainSkill_(skill:Range_level:10_num_agent:1)_reward_to:agent	takeru_25M	0.076453
pvp	skill	curriculum/Task_AttainSkill_(skill:Range_level:10_num_agent:1)_reward_to:agent	takeru_50M	0.081398
pvp	skill	curriculum/Task_AttainSkill_(skill:Range_level:10_num_agent:1)_reward_to:agent	yaofeng_100M	0.145866
pvp	skill	curriculum/Task_AttainSkill_(skill:Range_level:10_num_agent:1)_reward_to:agent	yaofeng_200M	0.187778
pvp	skill	curriculum/Task_AttainSkill_(skill:Range_level:10_num_agent:1)_reward_to:agent	yaofeng_25M	0.135583
pvp	skill	curriculum/Task_AttainSkill_(skill:Range_level:10_num_agent:1)_reward_to:agent	yaofeng_50M	0.141905
pvp	survival	curriculum/Task_TickGE_(num_tick:1024)_reward_to:agent	baseline_10M	0.106365
pvp	survival	curriculum/Task_TickGE_(num_tick:1024)_reward_to:agent	learner	0.033430
pvp	survival	curriculum/Task_TickGE_(num_tick:1024)_reward_to:agent	takeru_100M	0.246154
pvp	survival	curriculum/Task_TickGE_(num_tick:1024)_reward_to:agent	takeru_200M	0.336503
pvp	survival	curriculum/Task_TickGE_(num_tick:1024)_reward_to:agent	takeru_25M	0.181260
pvp	survival	curriculum/Task_TickGE_(num_tick:1024)_reward_to:agent	takeru_50M	0.170122
pvp	survival	curriculum/Task_TickGE_(num_tick:1024)_reward_to:agent	yaofeng_100M	0.523936
pvp	survival	curriculum/Task_TickGE_(num_tick:1024)_reward_to:agent	yaofeng_200M	0.591548
pvp	survival	curriculum/Task_TickGE_(num_tick:1024)_reward_to:agent	yaofeng_25M	0.307280
pvp	survival	curriculum/Task_TickGE_(num_tick:1024)_reward_to:agent	yaofeng_50M	0.415081
